{"DefaultTint":{"r":0.6000000238418579,"g":0.6000000238418579,"b":0.699999988079071,"a":0.699999988079071},"FoldersData":{"Keys":["7264e823c466d1d419bcd809da04ba81","9713200e526223543af5462bc422ba03","521f18c09baab974499bf8b709149bbf","8ea0d6ca5c0174c4699210ae50588575"],"Values":[{"_guid":"7264e823c466d1d419bcd809da04ba81","_color":{"r":0.4297943413257599,"g":0.800000011920929,"b":0.24000000953674317,"a":0.699999988079071},"_recursive":true},{"_guid":"9713200e526223543af5462bc422ba03","_color":{"r":0.0,"g":1.0,"b":0.9186573028564453,"a":0.699999988079071},"_recursive":true},{"_guid":"521f18c09baab974499bf8b709149bbf","_color":{"r":0.2469470351934433,"g":0.24000000953674317,"b":0.800000011920929,"a":0.699999988079071},"_recursive":true},{"_guid":"8ea0d6ca5c0174c4699210ae50588575","_color":{"r":0.800000011920929,"g":0.5993101596832275,"b":0.24000000953674317,"a":0.699999988079071},"_recursive":true}]}}